month,transfer_count,arms_length_sale_count,median_price,mean_price,median_ppsf,mean_ppsf,total_volume,rolling_3mo_median_price,annualized_transfer_rate,price_index,median_price_yoy_pct,rolling_12mo_appreciation_pct,notes
2019-01,3,2,629750,629750,,,1259499,629750,36.00,100.0000,,,ppsf omitted — sqft unavailable in county extract
2019-02,1,1,690000,690000,,,690000,659875,12.00,109.5674,,,ppsf omitted — sqft unavailable in county extract
2019-03,5,4,727500,730000,,,2920000,690000,60.00,115.5221,,,ppsf omitted — sqft unavailable in county extract
2019-04,5,3,625000,703333,,,2110000,690000,60.00,99.2458,,,ppsf omitted — sqft unavailable in county extract
2019-05,5,5,610000,623200,,,3116000,625000,60.00,96.8639,,,ppsf omitted — sqft unavailable in county extract
2019-06,4,3,655000,616667,,,1850000,625000,48.00,104.0096,,,ppsf omitted — sqft unavailable in county extract
2019-07,3,3,680000,696667,,,2090000,655000,36.00,107.9794,,,ppsf omitted — sqft unavailable in county extract
2019-08,3,1,645000,645000,,,645000,655000,36.00,102.4217,,,ppsf omitted — sqft unavailable in county extract
2019-09,0,0,,,,,,662500,0.00,,,,ppsf omitted — sqft unavailable in county extract
2019-10,1,1,556400,556400,,,556400,600700,12.00,88.3526,,,ppsf omitted — sqft unavailable in county extract
2019-11,0,0,,,,,,556400,0.00,,,,ppsf omitted — sqft unavailable in county extract
2019-12,5,5,817500,774500,,,3872500,686950,60.00,129.8135,,,ppsf omitted — sqft unavailable in county extract
2020-01,1,1,599999,599999,,,599999,708750,12.00,95.2758,-4.7242,-4.7242,ppsf omitted — sqft unavailable in county extract
2020-02,3,1,552000,552000,,,552000,599999,36.00,87.6539,-20.0000,-20.0000,ppsf omitted — sqft unavailable in county extract
2020-03,6,5,583400,609480,,,3047400,583400,72.00,92.6400,-19.8076,-19.8076,ppsf omitted — sqft unavailable in county extract
2020-04,2,0,,,,,,567700,24.00,,,,ppsf omitted — sqft unavailable in county extract
2020-05,2,0,,,,,,583400,24.00,,,,ppsf omitted — sqft unavailable in county extract
2020-06,2,1,535000,535000,,,535000,535000,24.00,84.9544,-18.3206,-18.3206,ppsf omitted — sqft unavailable in county extract
2020-07,4,1,560000,560000,,,560000,547500,48.00,88.9242,-17.6471,-17.6471,ppsf omitted — sqft unavailable in county extract
2020-08,2,2,644500,644500,,,1289000,560000,24.00,102.3423,-0.0775,-0.0775,ppsf omitted — sqft unavailable in county extract
2020-09,3,2,697500,697500,,,1395000,644500,36.00,110.7583,,,ppsf omitted — sqft unavailable in county extract
2020-10,3,2,682500,682500,,,1365000,682500,36.00,108.3764,22.6636,22.6636,ppsf omitted — sqft unavailable in county extract
2020-11,0,0,,,,,,690000,0.00,,,,ppsf omitted — sqft unavailable in county extract
2020-12,3,3,749400,714133,,,2142400,715950,36.00,118.9997,-8.3303,-8.3303,ppsf omitted — sqft unavailable in county extract
2021-01,3,1,543600,543600,,,543600,646500,36.00,86.3200,-9.3998,-9.3998,ppsf omitted — sqft unavailable in county extract
2021-02,3,3,646350,661783,,,1985350,646350,36.00,102.6360,17.0924,17.0924,ppsf omitted — sqft unavailable in county extract
2021-03,5,5,650000,708000,,,3540000,646350,60.00,103.2156,11.4158,11.4158,ppsf omitted — sqft unavailable in county extract
2021-04,7,3,739900,868967,,,2606900,650000,84.00,117.4912,,,ppsf omitted — sqft unavailable in county extract
2021-05,6,5,760000,762600,,,3813000,739900,72.00,120.6829,,,ppsf omitted — sqft unavailable in county extract
2021-06,2,1,678000,678000,,,678000,739900,24.00,107.6619,26.7290,26.7290,ppsf omitted — sqft unavailable in county extract
2021-07,5,5,829000,861800,,,4309000,760000,60.00,131.6396,48.0357,48.0357,ppsf omitted — sqft unavailable in county extract
2021-08,3,1,750000,750000,,,750000,750000,36.00,119.0950,16.3693,16.3693,ppsf omitted — sqft unavailable in county extract
2021-09,0,0,,,,,,789500,0.00,,,,ppsf omitted — sqft unavailable in county extract
2021-10,2,1,1155000,1155000,,,1155000,952500,24.00,183.4063,69.2308,69.2308,ppsf omitted — sqft unavailable in county extract
2021-11,5,4,885500,923750,,,3695000,1020250,60.00,140.6115,,,ppsf omitted — sqft unavailable in county extract
2021-12,5,2,662500,662500,,,1325000,885500,60.00,105.2006,-11.5959,-11.5959,ppsf omitted — sqft unavailable in county extract
2022-01,2,1,1050000,1050000,,,1050000,885500,24.00,166.7330,93.1567,93.1567,ppsf omitted — sqft unavailable in county extract
2022-02,5,4,1059000,1060750,,,4243000,1050000,60.00,168.1621,63.8431,63.8431,ppsf omitted — sqft unavailable in county extract
2022-03,3,2,1342500,1342500,,,2685000,1059000,36.00,213.1800,106.5385,106.5385,ppsf omitted — sqft unavailable in county extract
2022-04,2,2,1326250,1326250,,,2652500,1326250,24.00,210.5996,79.2472,79.2472,ppsf omitted — sqft unavailable in county extract
2022-05,2,2,1340000,1340000,,,2680000,1340000,24.00,212.7830,76.3158,76.3158,ppsf omitted — sqft unavailable in county extract
2022-06,2,0,,,,,,1333125,24.00,,,,ppsf omitted — sqft unavailable in county extract
2022-07,1,1,1375000,1375000,,,1375000,1357500,12.00,218.3408,65.8625,65.8625,ppsf omitted — sqft unavailable in county extract
2022-08,1,1,1150000,1150000,,,1150000,1262500,12.00,182.6123,53.3333,53.3333,ppsf omitted — sqft unavailable in county extract
2022-09,1,1,950000,950000,,,950000,1150000,12.00,150.8536,,,ppsf omitted — sqft unavailable in county extract
2022-10,3,3,1100000,1191333,,,3574000,1100000,36.00,174.6726,-4.7619,-4.7619,ppsf omitted — sqft unavailable in county extract
2022-11,3,0,,,,,,1025000,36.00,,,,ppsf omitted — sqft unavailable in county extract
2022-12,2,2,1100000,1100000,,,2200000,1100000,24.00,174.6726,66.0377,66.0377,ppsf omitted — sqft unavailable in county extract
2023-01,3,1,1350000,1350000,,,1350000,1225000,36.00,214.3710,28.5714,28.5714,ppsf omitted — sqft unavailable in county extract
2023-02,2,1,1050000,1050000,,,1050000,1100000,24.00,166.7330,-0.8499,-0.8499,ppsf omitted — sqft unavailable in county extract
2023-03,0,0,,,,,,1200000,0.00,,,,ppsf omitted — sqft unavailable in county extract
2023-04,0,0,,,,,,1050000,0.00,,,,ppsf omitted — sqft unavailable in county extract
2023-05,2,0,,,,,,,24.00,,,,ppsf omitted — sqft unavailable in county extract
2023-06,1,1,1175000,1175000,,,1175000,1175000,12.00,186.5821,,,ppsf omitted — sqft unavailable in county extract
2023-07,3,3,1330000,1245000,,,3735000,1252500,36.00,211.1951,-3.2727,-3.2727,ppsf omitted — sqft unavailable in county extract
2023-08,1,1,1398000,1398000,,,1398000,1330000,12.00,221.9930,21.5652,21.5652,ppsf omitted — sqft unavailable in county extract
2023-09,7,5,1250000,1169560,,,5847800,1330000,84.00,198.4916,31.5789,31.5789,ppsf omitted — sqft unavailable in county extract
2023-10,1,0,,,,,,1324000,12.00,,,,ppsf omitted — sqft unavailable in county extract
2023-11,1,0,,,,,,1250000,12.00,,,,ppsf omitted — sqft unavailable in county extract
2023-12,3,2,585750,585750,,,1171500,585750,36.00,93.0132,-46.7500,-46.7500,ppsf omitted — sqft unavailable in county extract
2024-01,1,0,,,,,,585750,12.00,,,,ppsf omitted — sqft unavailable in county extract
2024-02,3,2,1042500,1042500,,,2085000,814125,36.00,165.5420,-0.7143,-0.7143,ppsf omitted — sqft unavailable in county extract
2024-03,6,2,1612500,1612500,,,3225000,1327500,72.00,256.0542,,,ppsf omitted — sqft unavailable in county extract
2024-04,3,2,907500,907500,,,1815000,1042500,36.00,144.1049,,,ppsf omitted — sqft unavailable in county extract
2024-05,2,1,1340000,1340000,,,1340000,1340000,24.00,212.7830,,,ppsf omitted — sqft unavailable in county extract
2024-06,2,1,750000,750000,,,750000,907500,24.00,119.0950,-36.1702,-36.1702,ppsf omitted — sqft unavailable in county extract
2024-07,1,1,725000,725000,,,725000,750000,12.00,115.1251,-45.4887,-45.4887,ppsf omitted — sqft unavailable in county extract
2024-08,0,0,,,,,,737500,0.00,,,,ppsf omitted — sqft unavailable in county extract
2024-09,1,1,950000,950000,,,950000,837500,12.00,150.8536,-24.0000,-24.0000,ppsf omitted — sqft unavailable in county extract
2024-10,4,2,1051750,1051750,,,2103500,1000875,48.00,167.0109,,,ppsf omitted — sqft unavailable in county extract
2024-11,3,1,930000,930000,,,930000,950000,36.00,147.6778,,,ppsf omitted — sqft unavailable in county extract
2024-12,1,1,1000000,1000000,,,1000000,1000000,12.00,158.7933,70.7213,70.7213,ppsf omitted — sqft unavailable in county extract
2025-01,0,0,,,,,,965000,0.00,,,,ppsf omitted — sqft unavailable in county extract
2025-02,1,1,960000,960000,,,960000,980000,12.00,152.4416,-7.9137,-7.9137,ppsf omitted — sqft unavailable in county extract
2025-03,4,1,725000,725000,,,725000,842500,48.00,115.1251,-55.0388,-55.0388,ppsf omitted — sqft unavailable in county extract
2025-04,2,2,724500,724500,,,1449000,725000,24.00,115.0457,-20.1653,-20.1653,ppsf omitted — sqft unavailable in county extract
2025-05,2,1,760000,760000,,,760000,725000,24.00,120.6829,-43.2836,-43.2836,ppsf omitted — sqft unavailable in county extract
2025-06,0,0,,,,,,742250,0.00,,,,ppsf omitted — sqft unavailable in county extract
2025-07,0,0,,,,,,760000,0.00,,,,ppsf omitted — sqft unavailable in county extract
2025-08,2,2,1042500,1042500,,,2085000,1042500,24.00,165.5420,,,ppsf omitted — sqft unavailable in county extract
2025-09,0,0,,,,,,1042500,0.00,,,,ppsf omitted — sqft unavailable in county extract
2025-10,1,0,,,,,,1042500,12.00,,,,ppsf omitted — sqft unavailable in county extract
2025-11,3,0,,,,,,,36.00,,,,ppsf omitted — sqft unavailable in county extract
2025-12,2,1,770000,770000,,,770000,770000,24.00,122.2708,-23.0000,-23.0000,ppsf omitted — sqft unavailable in county extract
2026-01,1,0,,,,,,770000,12.00,,,,ppsf omitted — sqft unavailable in county extract
2026-02,0,0,,,,,,770000,0.00,,,,ppsf omitted — sqft unavailable in county extract
2026-03,3,2,874500,874500,,,1749000,874500,36.00,138.8647,20.6207,20.6207,ppsf omitted — sqft unavailable in county extract
2026-04,1,1,740000,740000,,,740000,807250,12.00,117.5070,2.1394,2.1394,ppsf omitted — sqft unavailable in county extract
2026-05,5,4,800000,796000,,,3184000,800000,60.00,127.0346,5.2632,5.2632,ppsf omitted — sqft unavailable in county extract
2026-06,0,0,,,,,,770000,0.00,,,,ppsf omitted — sqft unavailable in county extract
2026-07,0,0,,,,,,800000,0.00,,,,ppsf omitted — sqft unavailable in county extract
