year,scope,tmk,as_of_date,total_units,hi_pct,non_hi_pct,unknown_pct,non_hi_pct_of_resolved,unresolved_units,unresolved_pct,proxy_resolved_units,proxy_resolved_pct,hi_units,non_hi_units,mixed_units,unknown_units,resolved_units,transfer_count,first_transfer_count,newly_resolved_units,tmk_unit_pct,source,notes
2001,collective,,2001/12/31,316,14.7152,82.7532,2.5316,84.9026,7,2.2152,309,97.7848,46,261,1,8,308,68,30,30,100.0000,fullownr_proxy,"year-end snapshot; residency from 2026 fullownr proxy applied after first transfer; historical owner addresses not in sales extract; active TMKs: 239004082, 239004143, 239004144"
2001,tmk,239004082,2001/12/31,240,16.4583,80.2083,3.3333,82.9741,7,2.9167,233,97.0833,39,192,1,8,232,59,30,30,75.9494,fullownr_proxy,TMK 239004082 share of active collective portfolio at year-end
2001,tmk,239004143,2001/12/31,28,3.5714,96.4286,0.0000,96.4286,0,0.0000,28,100.0000,1,27,0,0,28,5,0,0,8.8608,fullownr_proxy,TMK 239004143 share of active collective portfolio at year-end
2001,tmk,239004144,2001/12/31,48,12.5000,87.5000,0.0000,87.5000,0,0.0000,48,100.0000,6,42,0,0,48,4,0,0,15.1899,fullownr_proxy,TMK 239004144 share of active collective portfolio at year-end
2002,collective,,2002/12/31,316,14.7152,84.3354,0.9494,85.1438,2,0.6329,314,99.3671,46,266,1,3,313,57,5,5,100.0000,fullownr_proxy,"year-end snapshot; residency from 2026 fullownr proxy applied after first transfer; historical owner addresses not in sales extract; active TMKs: 239004082, 239004143, 239004144"
2002,tmk,239004082,2002/12/31,240,16.4583,82.2917,1.2500,83.3333,2,0.8333,238,99.1667,39,197,1,3,237,47,5,5,75.9494,fullownr_proxy,TMK 239004082 share of active collective portfolio at year-end
2002,tmk,239004143,2002/12/31,28,3.5714,96.4286,0.0000,96.4286,0,0.0000,28,100.0000,1,27,0,0,28,2,0,0,8.8608,fullownr_proxy,TMK 239004143 share of active collective portfolio at year-end
2002,tmk,239004144,2002/12/31,48,12.5000,87.5000,0.0000,87.5000,0,0.0000,48,100.0000,6,42,0,0,48,8,0,0,15.1899,fullownr_proxy,TMK 239004144 share of active collective portfolio at year-end
2003,collective,,2003/12/31,316,14.7152,84.3354,0.9494,85.1438,2,0.6329,314,99.3671,46,266,1,3,313,71,0,0,100.0000,fullownr_proxy,"year-end snapshot; residency from 2026 fullownr proxy applied after first transfer; historical owner addresses not in sales extract; active TMKs: 239004082, 239004143, 239004144"
2003,tmk,239004082,2003/12/31,240,16.4583,82.2917,1.2500,83.3333,2,0.8333,238,99.1667,39,197,1,3,237,56,0,0,75.9494,fullownr_proxy,TMK 239004082 share of active collective portfolio at year-end
2003,tmk,239004143,2003/12/31,28,3.5714,96.4286,0.0000,96.4286,0,0.0000,28,100.0000,1,27,0,0,28,2,0,0,8.8608,fullownr_proxy,TMK 239004143 share of active collective portfolio at year-end
2003,tmk,239004144,2003/12/31,48,12.5000,87.5000,0.0000,87.5000,0,0.0000,48,100.0000,6,42,0,0,48,13,0,0,15.1899,fullownr_proxy,TMK 239004144 share of active collective portfolio at year-end
2004,collective,,2004/12/31,316,15.0316,84.3354,0.6329,84.8726,1,0.3165,315,99.6835,47,266,1,2,314,56,1,1,100.0000,fullownr_proxy,"year-end snapshot; residency from 2026 fullownr proxy applied after first transfer; historical owner addresses not in sales extract; active TMKs: 239004082, 239004143, 239004144"
2004,tmk,239004082,2004/12/31,240,16.8750,82.2917,0.8333,82.9832,1,0.4167,239,99.5833,40,197,1,2,238,39,1,1,75.9494,fullownr_proxy,TMK 239004082 share of active collective portfolio at year-end
2004,tmk,239004143,2004/12/31,28,3.5714,96.4286,0.0000,96.4286,0,0.0000,28,100.0000,1,27,0,0,28,5,0,0,8.8608,fullownr_proxy,TMK 239004143 share of active collective portfolio at year-end
2004,tmk,239004144,2004/12/31,48,12.5000,87.5000,0.0000,87.5000,0,0.0000,48,100.0000,6,42,0,0,48,12,0,0,15.1899,fullownr_proxy,TMK 239004144 share of active collective portfolio at year-end
2005,collective,,2005/12/31,316,15.0316,84.3354,0.6329,84.8726,1,0.3165,315,99.6835,47,266,1,2,314,51,0,0,100.0000,fullownr_proxy,"year-end snapshot; residency from 2026 fullownr proxy applied after first transfer; historical owner addresses not in sales extract; active TMKs: 239004082, 239004143, 239004144"
2005,tmk,239004082,2005/12/31,240,16.8750,82.2917,0.8333,82.9832,1,0.4167,239,99.5833,40,197,1,2,238,37,0,0,75.9494,fullownr_proxy,TMK 239004082 share of active collective portfolio at year-end
2005,tmk,239004143,2005/12/31,28,3.5714,96.4286,0.0000,96.4286,0,0.0000,28,100.0000,1,27,0,0,28,7,0,0,8.8608,fullownr_proxy,TMK 239004143 share of active collective portfolio at year-end
2005,tmk,239004144,2005/12/31,48,12.5000,87.5000,0.0000,87.5000,0,0.0000,48,100.0000,6,42,0,0,48,7,0,0,15.1899,fullownr_proxy,TMK 239004144 share of active collective portfolio at year-end
2006,collective,,2006/12/31,316,15.0316,84.3354,0.6329,84.8726,1,0.3165,315,99.6835,47,266,1,2,314,31,0,0,100.0000,fullownr_proxy,"year-end snapshot; residency from 2026 fullownr proxy applied after first transfer; historical owner addresses not in sales extract; active TMKs: 239004082, 239004143, 239004144"
2006,tmk,239004082,2006/12/31,240,16.8750,82.2917,0.8333,82.9832,1,0.4167,239,99.5833,40,197,1,2,238,22,0,0,75.9494,fullownr_proxy,TMK 239004082 share of active collective portfolio at year-end
2006,tmk,239004143,2006/12/31,28,3.5714,96.4286,0.0000,96.4286,0,0.0000,28,100.0000,1,27,0,0,28,3,0,0,8.8608,fullownr_proxy,TMK 239004143 share of active collective portfolio at year-end
2006,tmk,239004144,2006/12/31,48,12.5000,87.5000,0.0000,87.5000,0,0.0000,48,100.0000,6,42,0,0,48,6,0,0,15.1899,fullownr_proxy,TMK 239004144 share of active collective portfolio at year-end
2007,collective,,2007/12/31,316,15.0316,84.3354,0.6329,84.8726,1,0.3165,315,99.6835,47,266,1,2,314,39,0,0,100.0000,fullownr_proxy,"year-end snapshot; residency from 2026 fullownr proxy applied after first transfer; historical owner addresses not in sales extract; active TMKs: 239004082, 239004143, 239004144"
2007,tmk,239004082,2007/12/31,240,16.8750,82.2917,0.8333,82.9832,1,0.4167,239,99.5833,40,197,1,2,238,32,0,0,75.9494,fullownr_proxy,TMK 239004082 share of active collective portfolio at year-end
2007,tmk,239004143,2007/12/31,28,3.5714,96.4286,0.0000,96.4286,0,0.0000,28,100.0000,1,27,0,0,28,3,0,0,8.8608,fullownr_proxy,TMK 239004143 share of active collective portfolio at year-end
2007,tmk,239004144,2007/12/31,48,12.5000,87.5000,0.0000,87.5000,0,0.0000,48,100.0000,6,42,0,0,48,4,0,0,15.1899,fullownr_proxy,TMK 239004144 share of active collective portfolio at year-end
2008,collective,,2008/12/31,316,15.0316,84.3354,0.6329,84.8726,1,0.3165,315,99.6835,47,266,1,2,314,20,0,0,100.0000,fullownr_proxy,"year-end snapshot; residency from 2026 fullownr proxy applied after first transfer; historical owner addresses not in sales extract; active TMKs: 239004082, 239004143, 239004144"
2008,tmk,239004082,2008/12/31,240,16.8750,82.2917,0.8333,82.9832,1,0.4167,239,99.5833,40,197,1,2,238,12,0,0,75.9494,fullownr_proxy,TMK 239004082 share of active collective portfolio at year-end
2008,tmk,239004143,2008/12/31,28,3.5714,96.4286,0.0000,96.4286,0,0.0000,28,100.0000,1,27,0,0,28,1,0,0,8.8608,fullownr_proxy,TMK 239004143 share of active collective portfolio at year-end
2008,tmk,239004144,2008/12/31,48,12.5000,87.5000,0.0000,87.5000,0,0.0000,48,100.0000,6,42,0,0,48,7,0,0,15.1899,fullownr_proxy,TMK 239004144 share of active collective portfolio at year-end
2009,collective,,2009/12/31,316,15.0316,84.3354,0.6329,84.8726,1,0.3165,315,99.6835,47,266,1,2,314,14,0,0,100.0000,fullownr_proxy,"year-end snapshot; residency from 2026 fullownr proxy applied after first transfer; historical owner addresses not in sales extract; active TMKs: 239004082, 239004143, 239004144"
2009,tmk,239004082,2009/12/31,240,16.8750,82.2917,0.8333,82.9832,1,0.4167,239,99.5833,40,197,1,2,238,10,0,0,75.9494,fullownr_proxy,TMK 239004082 share of active collective portfolio at year-end
2009,tmk,239004143,2009/12/31,28,3.5714,96.4286,0.0000,96.4286,0,0.0000,28,100.0000,1,27,0,0,28,0,0,0,8.8608,fullownr_proxy,TMK 239004143 share of active collective portfolio at year-end
2009,tmk,239004144,2009/12/31,48,12.5000,87.5000,0.0000,87.5000,0,0.0000,48,100.0000,6,42,0,0,48,4,0,0,15.1899,fullownr_proxy,TMK 239004144 share of active collective portfolio at year-end
2010,collective,,2010/12/31,316,15.0316,84.3354,0.6329,84.8726,1,0.3165,315,99.6835,47,266,1,2,314,26,0,0,100.0000,fullownr_proxy,"year-end snapshot; residency from 2026 fullownr proxy applied after first transfer; historical owner addresses not in sales extract; active TMKs: 239004082, 239004143, 239004144"
2010,tmk,239004082,2010/12/31,240,16.8750,82.2917,0.8333,82.9832,1,0.4167,239,99.5833,40,197,1,2,238,23,0,0,75.9494,fullownr_proxy,TMK 239004082 share of active collective portfolio at year-end
2010,tmk,239004143,2010/12/31,28,3.5714,96.4286,0.0000,96.4286,0,0.0000,28,100.0000,1,27,0,0,28,0,0,0,8.8608,fullownr_proxy,TMK 239004143 share of active collective portfolio at year-end
2010,tmk,239004144,2010/12/31,48,12.5000,87.5000,0.0000,87.5000,0,0.0000,48,100.0000,6,42,0,0,48,3,0,0,15.1899,fullownr_proxy,TMK 239004144 share of active collective portfolio at year-end
2011,collective,,2011/12/31,316,15.0316,84.3354,0.6329,84.8726,1,0.3165,315,99.6835,47,266,1,2,314,26,0,0,100.0000,fullownr_proxy,"year-end snapshot; residency from 2026 fullownr proxy applied after first transfer; historical owner addresses not in sales extract; active TMKs: 239004082, 239004143, 239004144"
2011,tmk,239004082,2011/12/31,240,16.8750,82.2917,0.8333,82.9832,1,0.4167,239,99.5833,40,197,1,2,238,20,0,0,75.9494,fullownr_proxy,TMK 239004082 share of active collective portfolio at year-end
2011,tmk,239004143,2011/12/31,28,3.5714,96.4286,0.0000,96.4286,0,0.0000,28,100.0000,1,27,0,0,28,2,0,0,8.8608,fullownr_proxy,TMK 239004143 share of active collective portfolio at year-end
2011,tmk,239004144,2011/12/31,48,12.5000,87.5000,0.0000,87.5000,0,0.0000,48,100.0000,6,42,0,0,48,4,0,0,15.1899,fullownr_proxy,TMK 239004144 share of active collective portfolio at year-end
2012,collective,,2012/12/31,316,15.0316,84.3354,0.6329,84.8726,1,0.3165,315,99.6835,47,266,1,2,314,22,0,0,100.0000,fullownr_proxy,"year-end snapshot; residency from 2026 fullownr proxy applied after first transfer; historical owner addresses not in sales extract; active TMKs: 239004082, 239004143, 239004144"
2012,tmk,239004082,2012/12/31,240,16.8750,82.2917,0.8333,82.9832,1,0.4167,239,99.5833,40,197,1,2,238,11,0,0,75.9494,fullownr_proxy,TMK 239004082 share of active collective portfolio at year-end
2012,tmk,239004143,2012/12/31,28,3.5714,96.4286,0.0000,96.4286,0,0.0000,28,100.0000,1,27,0,0,28,5,0,0,8.8608,fullownr_proxy,TMK 239004143 share of active collective portfolio at year-end
2012,tmk,239004144,2012/12/31,48,12.5000,87.5000,0.0000,87.5000,0,0.0000,48,100.0000,6,42,0,0,48,6,0,0,15.1899,fullownr_proxy,TMK 239004144 share of active collective portfolio at year-end
2013,collective,,2013/12/31,316,15.0316,84.3354,0.6329,84.8726,1,0.3165,315,99.6835,47,266,1,2,314,34,0,0,100.0000,fullownr_proxy,"year-end snapshot; residency from 2026 fullownr proxy applied after first transfer; historical owner addresses not in sales extract; active TMKs: 239004082, 239004143, 239004144"
2013,tmk,239004082,2013/12/31,240,16.8750,82.2917,0.8333,82.9832,1,0.4167,239,99.5833,40,197,1,2,238,28,0,0,75.9494,fullownr_proxy,TMK 239004082 share of active collective portfolio at year-end
2013,tmk,239004143,2013/12/31,28,3.5714,96.4286,0.0000,96.4286,0,0.0000,28,100.0000,1,27,0,0,28,1,0,0,8.8608,fullownr_proxy,TMK 239004143 share of active collective portfolio at year-end
2013,tmk,239004144,2013/12/31,48,12.5000,87.5000,0.0000,87.5000,0,0.0000,48,100.0000,6,42,0,0,48,5,0,0,15.1899,fullownr_proxy,TMK 239004144 share of active collective portfolio at year-end
2014,collective,,2014/12/31,316,15.0316,84.3354,0.6329,84.8726,1,0.3165,315,99.6835,47,266,1,2,314,26,0,0,100.0000,fullownr_proxy,"year-end snapshot; residency from 2026 fullownr proxy applied after first transfer; historical owner addresses not in sales extract; active TMKs: 239004082, 239004143, 239004144"
2014,tmk,239004082,2014/12/31,240,16.8750,82.2917,0.8333,82.9832,1,0.4167,239,99.5833,40,197,1,2,238,19,0,0,75.9494,fullownr_proxy,TMK 239004082 share of active collective portfolio at year-end
2014,tmk,239004143,2014/12/31,28,3.5714,96.4286,0.0000,96.4286,0,0.0000,28,100.0000,1,27,0,0,28,2,0,0,8.8608,fullownr_proxy,TMK 239004143 share of active collective portfolio at year-end
2014,tmk,239004144,2014/12/31,48,12.5000,87.5000,0.0000,87.5000,0,0.0000,48,100.0000,6,42,0,0,48,5,0,0,15.1899,fullownr_proxy,TMK 239004144 share of active collective portfolio at year-end
2015,collective,,2015/12/31,316,15.0316,84.3354,0.6329,84.8726,1,0.3165,315,99.6835,47,266,1,2,314,23,0,0,100.0000,fullownr_proxy,"year-end snapshot; residency from 2026 fullownr proxy applied after first transfer; historical owner addresses not in sales extract; active TMKs: 239004082, 239004143, 239004144"
2015,tmk,239004082,2015/12/31,240,16.8750,82.2917,0.8333,82.9832,1,0.4167,239,99.5833,40,197,1,2,238,17,0,0,75.9494,fullownr_proxy,TMK 239004082 share of active collective portfolio at year-end
2015,tmk,239004143,2015/12/31,28,3.5714,96.4286,0.0000,96.4286,0,0.0000,28,100.0000,1,27,0,0,28,2,0,0,8.8608,fullownr_proxy,TMK 239004143 share of active collective portfolio at year-end
2015,tmk,239004144,2015/12/31,48,12.5000,87.5000,0.0000,87.5000,0,0.0000,48,100.0000,6,42,0,0,48,4,0,0,15.1899,fullownr_proxy,TMK 239004144 share of active collective portfolio at year-end
2016,collective,,2016/12/31,316,15.0316,84.3354,0.6329,84.8726,1,0.3165,315,99.6835,47,266,1,2,314,19,0,0,100.0000,fullownr_proxy,"year-end snapshot; residency from 2026 fullownr proxy applied after first transfer; historical owner addresses not in sales extract; active TMKs: 239004082, 239004143, 239004144"
2016,tmk,239004082,2016/12/31,240,16.8750,82.2917,0.8333,82.9832,1,0.4167,239,99.5833,40,197,1,2,238,12,0,0,75.9494,fullownr_proxy,TMK 239004082 share of active collective portfolio at year-end
2016,tmk,239004143,2016/12/31,28,3.5714,96.4286,0.0000,96.4286,0,0.0000,28,100.0000,1,27,0,0,28,2,0,0,8.8608,fullownr_proxy,TMK 239004143 share of active collective portfolio at year-end
2016,tmk,239004144,2016/12/31,48,12.5000,87.5000,0.0000,87.5000,0,0.0000,48,100.0000,6,42,0,0,48,5,0,0,15.1899,fullownr_proxy,TMK 239004144 share of active collective portfolio at year-end
2017,collective,,2017/12/31,316,15.0316,84.3354,0.6329,84.8726,1,0.3165,315,99.6835,47,266,1,2,314,35,0,0,100.0000,fullownr_proxy,"year-end snapshot; residency from 2026 fullownr proxy applied after first transfer; historical owner addresses not in sales extract; active TMKs: 239004082, 239004143, 239004144"
2017,tmk,239004082,2017/12/31,240,16.8750,82.2917,0.8333,82.9832,1,0.4167,239,99.5833,40,197,1,2,238,29,0,0,75.9494,fullownr_proxy,TMK 239004082 share of active collective portfolio at year-end
2017,tmk,239004143,2017/12/31,28,3.5714,96.4286,0.0000,96.4286,0,0.0000,28,100.0000,1,27,0,0,28,2,0,0,8.8608,fullownr_proxy,TMK 239004143 share of active collective portfolio at year-end
2017,tmk,239004144,2017/12/31,48,12.5000,87.5000,0.0000,87.5000,0,0.0000,48,100.0000,6,42,0,0,48,4,0,0,15.1899,fullownr_proxy,TMK 239004144 share of active collective portfolio at year-end
2018,collective,,2018/12/31,316,15.0316,84.3354,0.6329,84.8726,1,0.3165,315,99.6835,47,266,1,2,314,35,0,0,100.0000,fullownr_proxy,"year-end snapshot; residency from 2026 fullownr proxy applied after first transfer; historical owner addresses not in sales extract; active TMKs: 239004082, 239004143, 239004144"
2018,tmk,239004082,2018/12/31,240,16.8750,82.2917,0.8333,82.9832,1,0.4167,239,99.5833,40,197,1,2,238,30,0,0,75.9494,fullownr_proxy,TMK 239004082 share of active collective portfolio at year-end
2018,tmk,239004143,2018/12/31,28,3.5714,96.4286,0.0000,96.4286,0,0.0000,28,100.0000,1,27,0,0,28,2,0,0,8.8608,fullownr_proxy,TMK 239004143 share of active collective portfolio at year-end
2018,tmk,239004144,2018/12/31,48,12.5000,87.5000,0.0000,87.5000,0,0.0000,48,100.0000,6,42,0,0,48,3,0,0,15.1899,fullownr_proxy,TMK 239004144 share of active collective portfolio at year-end
2019,collective,,2019/12/31,316,15.0316,84.3354,0.6329,84.8726,1,0.3165,315,99.6835,47,266,1,2,314,35,0,0,100.0000,fullownr_proxy,"year-end snapshot; residency from 2026 fullownr proxy applied after first transfer; historical owner addresses not in sales extract; active TMKs: 239004082, 239004143, 239004144"
2019,tmk,239004082,2019/12/31,240,16.8750,82.2917,0.8333,82.9832,1,0.4167,239,99.5833,40,197,1,2,238,28,0,0,75.9494,fullownr_proxy,TMK 239004082 share of active collective portfolio at year-end
2019,tmk,239004143,2019/12/31,28,3.5714,96.4286,0.0000,96.4286,0,0.0000,28,100.0000,1,27,0,0,28,3,0,0,8.8608,fullownr_proxy,TMK 239004143 share of active collective portfolio at year-end
2019,tmk,239004144,2019/12/31,48,12.5000,87.5000,0.0000,87.5000,0,0.0000,48,100.0000,6,42,0,0,48,4,0,0,15.1899,fullownr_proxy,TMK 239004144 share of active collective portfolio at year-end
2020,collective,,2020/12/31,316,15.0316,84.3354,0.6329,84.8726,1,0.3165,315,99.6835,47,266,1,2,314,31,0,0,100.0000,fullownr_proxy,"year-end snapshot; residency from 2026 fullownr proxy applied after first transfer; historical owner addresses not in sales extract; active TMKs: 239004082, 239004143, 239004144"
2020,tmk,239004082,2020/12/31,240,16.8750,82.2917,0.8333,82.9832,1,0.4167,239,99.5833,40,197,1,2,238,20,0,0,75.9494,fullownr_proxy,TMK 239004082 share of active collective portfolio at year-end
2020,tmk,239004143,2020/12/31,28,3.5714,96.4286,0.0000,96.4286,0,0.0000,28,100.0000,1,27,0,0,28,3,0,0,8.8608,fullownr_proxy,TMK 239004143 share of active collective portfolio at year-end
2020,tmk,239004144,2020/12/31,48,12.5000,87.5000,0.0000,87.5000,0,0.0000,48,100.0000,6,42,0,0,48,8,0,0,15.1899,fullownr_proxy,TMK 239004144 share of active collective portfolio at year-end
2021,collective,,2021/12/31,316,15.0316,84.6519,0.3165,84.9206,0,0.0000,316,100.0000,47,267,1,1,315,46,1,1,100.0000,fullownr_proxy,"year-end snapshot; residency from 2026 fullownr proxy applied after first transfer; historical owner addresses not in sales extract; active TMKs: 239004082, 239004143, 239004144"
2021,tmk,239004082,2021/12/31,240,16.8750,82.7083,0.4167,83.0544,0,0.0000,240,100.0000,40,198,1,1,239,36,1,1,75.9494,fullownr_proxy,TMK 239004082 share of active collective portfolio at year-end
2021,tmk,239004143,2021/12/31,28,3.5714,96.4286,0.0000,96.4286,0,0.0000,28,100.0000,1,27,0,0,28,2,0,0,8.8608,fullownr_proxy,TMK 239004143 share of active collective portfolio at year-end
2021,tmk,239004144,2021/12/31,48,12.5000,87.5000,0.0000,87.5000,0,0.0000,48,100.0000,6,42,0,0,48,8,0,0,15.1899,fullownr_proxy,TMK 239004144 share of active collective portfolio at year-end
2022,collective,,2022/12/31,316,15.0316,84.6519,0.3165,84.9206,0,0.0000,316,100.0000,47,267,1,1,315,27,0,0,100.0000,fullownr_proxy,"year-end snapshot; residency from 2026 fullownr proxy applied after first transfer; historical owner addresses not in sales extract; active TMKs: 239004082, 239004143, 239004144"
2022,tmk,239004082,2022/12/31,240,16.8750,82.7083,0.4167,83.0544,0,0.0000,240,100.0000,40,198,1,1,239,18,0,0,75.9494,fullownr_proxy,TMK 239004082 share of active collective portfolio at year-end
2022,tmk,239004143,2022/12/31,28,3.5714,96.4286,0.0000,96.4286,0,0.0000,28,100.0000,1,27,0,0,28,3,0,0,8.8608,fullownr_proxy,TMK 239004143 share of active collective portfolio at year-end
2022,tmk,239004144,2022/12/31,48,12.5000,87.5000,0.0000,87.5000,0,0.0000,48,100.0000,6,42,0,0,48,6,0,0,15.1899,fullownr_proxy,TMK 239004144 share of active collective portfolio at year-end
2023,collective,,2023/12/31,316,15.0316,84.6519,0.3165,84.9206,0,0.0000,316,100.0000,47,267,1,1,315,24,0,0,100.0000,fullownr_proxy,"year-end snapshot; residency from 2026 fullownr proxy applied after first transfer; historical owner addresses not in sales extract; active TMKs: 239004082, 239004143, 239004144"
2023,tmk,239004082,2023/12/31,240,16.8750,82.7083,0.4167,83.0544,0,0.0000,240,100.0000,40,198,1,1,239,17,0,0,75.9494,fullownr_proxy,TMK 239004082 share of active collective portfolio at year-end
2023,tmk,239004143,2023/12/31,28,3.5714,96.4286,0.0000,96.4286,0,0.0000,28,100.0000,1,27,0,0,28,2,0,0,8.8608,fullownr_proxy,TMK 239004143 share of active collective portfolio at year-end
2023,tmk,239004144,2023/12/31,48,12.5000,87.5000,0.0000,87.5000,0,0.0000,48,100.0000,6,42,0,0,48,5,0,0,15.1899,fullownr_proxy,TMK 239004144 share of active collective portfolio at year-end
2024,collective,,2024/12/31,316,15.0316,84.6519,0.3165,84.9206,0,0.0000,316,100.0000,47,267,1,1,315,27,0,0,100.0000,fullownr_proxy,"year-end snapshot; residency from 2026 fullownr proxy applied after first transfer; historical owner addresses not in sales extract; active TMKs: 239004082, 239004143, 239004144"
2024,tmk,239004082,2024/12/31,240,16.8750,82.7083,0.4167,83.0544,0,0.0000,240,100.0000,40,198,1,1,239,24,0,0,75.9494,fullownr_proxy,TMK 239004082 share of active collective portfolio at year-end
2024,tmk,239004143,2024/12/31,28,3.5714,96.4286,0.0000,96.4286,0,0.0000,28,100.0000,1,27,0,0,28,2,0,0,8.8608,fullownr_proxy,TMK 239004143 share of active collective portfolio at year-end
2024,tmk,239004144,2024/12/31,48,12.5000,87.5000,0.0000,87.5000,0,0.0000,48,100.0000,6,42,0,0,48,1,0,0,15.1899,fullownr_proxy,TMK 239004144 share of active collective portfolio at year-end
2025,collective,,2025/12/31,316,15.0316,84.6519,0.3165,84.9206,0,0.0000,316,100.0000,47,267,1,1,315,17,0,0,100.0000,fullownr_proxy,"year-end snapshot; residency from 2026 fullownr proxy applied after first transfer; historical owner addresses not in sales extract; active TMKs: 239004082, 239004143, 239004144"
2025,tmk,239004082,2025/12/31,240,16.8750,82.7083,0.4167,83.0544,0,0.0000,240,100.0000,40,198,1,1,239,15,0,0,75.9494,fullownr_proxy,TMK 239004082 share of active collective portfolio at year-end
2025,tmk,239004143,2025/12/31,28,3.5714,96.4286,0.0000,96.4286,0,0.0000,28,100.0000,1,27,0,0,28,0,0,0,8.8608,fullownr_proxy,TMK 239004143 share of active collective portfolio at year-end
2025,tmk,239004144,2025/12/31,48,12.5000,87.5000,0.0000,87.5000,0,0.0000,48,100.0000,6,42,0,0,48,2,0,0,15.1899,fullownr_proxy,TMK 239004144 share of active collective portfolio at year-end
2026,collective,,2026/12/31,316,15.0316,84.6519,0.3165,84.9206,0,0.0000,316,100.0000,47,267,1,1,315,10,0,0,100.0000,fullownr_snapshot,"year-end snapshot; residency from 2026 fullownr proxy applied after first transfer; historical owner addresses not in sales extract; active TMKs: 239004082, 239004143, 239004144"
2026,tmk,239004082,2026/12/31,240,16.8750,82.7083,0.4167,83.0544,0,0.0000,240,100.0000,40,198,1,1,239,10,0,0,75.9494,fullownr_snapshot,TMK 239004082 share of active collective portfolio at year-end
2026,tmk,239004143,2026/12/31,28,3.5714,96.4286,0.0000,96.4286,0,0.0000,28,100.0000,1,27,0,0,28,0,0,0,8.8608,fullownr_snapshot,TMK 239004143 share of active collective portfolio at year-end
2026,tmk,239004144,2026/12/31,48,12.5000,87.5000,0.0000,87.5000,0,0.0000,48,100.0000,6,42,0,0,48,0,0,0,15.1899,fullownr_snapshot,TMK 239004144 share of active collective portfolio at year-end
